isbn,Nauji Be Barkodziai,Atspauzdinti
9986413982,9986413982,9986413982
9986390141,9986390141,9986390141
9986310970,9986310970,9986310970
9986413613,9986413613,9986413613
5415001565,5415001565,5415001565
5415001573,5415001573,5415001573
5415005633,5415005633,5415005633
5415004882,5415004882,5415004882
9986408091,9986408091,9986408091
5415006494,5415006494,5415006494
5415003258,5415003258,5415003258
9986403596,9986403596,9986403596
9986020522,9986020522,9986020522
9985200748,9985200748,9985200748
9985200748,9985200748,9985200748
9986020522,9986020522,9986020522
9986025796,9986025796,9986025796
9986220327,9986220327,9986220327
9986431328,9986431328,9986431328
9986816254,9986816254,9986816254
9986091713,9986091713,9986091713
9789986751458,9789986751458,
9789955488927,9789955488927,
9789955488927,9789955488927,
4771243300221,4771243300221,
